{
	"frames": {
		"player_idle_0": {
			"frame": {
				"x": 0,
				"y": 0,
				"w": 16,
				"h": 16
			},
			"rotated": false,
			"trimmed": false,
			"spriteSourceSize": {
				"x": 0,
				"y": 0,
				"w": 16,
				"h": 16
			},
			"sourceSize": {
				"w": 16,
				"h": 16
			}
		},
		"player_idle_1": {
			"frame": {
				"x": 16,
				"y": 0,
				"w": 16,
				"h": 16
			},
			"rotated": false,
			"trimmed": false,
			"spriteSourceSize": {
				"x": 0,
				"y": 0,
				"w": 16,
				"h": 16
			},
			"sourceSize": {
				"w": 16,
				"h": 16
			}
		},
		"player_damage_0": {
			"frame": {
				"x": 0,
				"y": 16,
				"w": 16,
				"h": 16
			},
			"rotated": false,
			"trimmed": false,
			"spriteSourceSize": {
				"x": 0,
				"y": 0,
				"w": 16,
				"h": 16
			},
			"sourceSize": {
				"w": 16,
				"h": 16
			}
		},
		"player_walk_0": {
			"frame": {
				"x": 16,
				"y": 16,
				"w": 16,
				"h": 16
			},
			"rotated": false,
			"trimmed": false,
			"spriteSourceSize": {
				"x": 0,
				"y": 0,
				"w": 16,
				"h": 16
			},
			"sourceSize": {
				"w": 16,
				"h": 16
			}
		},
		"player_walk_1": {
			"frame": {
				"x": 32,
				"y": 0,
				"w": 16,
				"h": 16
			},
			"rotated": false,
			"trimmed": false,
			"spriteSourceSize": {
				"x": 0,
				"y": 0,
				"w": 16,
				"h": 16
			},
			"sourceSize": {
				"w": 16,
				"h": 16
			}
		}
	},
	"meta": {
		"app": "http://www.codeandweb.com/texturepacker",
		"version": "1.0",
		"image": "player_sheet.png",
		"format": "RGBA8888",
		"size": {
			"w": 48,
			"h": 32
		},
		"scale": "1"
	}
}